CustomerID,CustomerName,Email,Gender,Age,City,CreatedDate,State
20001,Customer 1,customer1@example.com,Male,50,Chennai,2025-08-10,Tamil Nadu
20002,Customer 2,customer2@example.com,Female,29,Bengaluru,2024-11-21,Karnataka
20003,Customer 3,customer3@example.com,Male,46,Vijayawada,2024-03-31,Andhra Pradesh
20004,Customer 4,customer4@example.com,Male,48,Hyderabad,2026-02-06,Telangana
20005,Customer 5,customer5@example.com,Male,47,Kolkata,2024-02-20,West Bengal
20006,Customer 6,customer6@example.com,Female,31,Kochi,2025-05-29,Kerala
20007,Customer 7,customer7@example.com,Male,32,Vijayawada,2024-08-27,Andhra Pradesh
20008,Customer 8,customer8@example.com,Male,30,Pune,2024-07-11,Maharashtra
20009,Customer 9,customer9@example.com,Male,39,Hyderabad,2024-02-07,Telangana
20010,Customer 10,customer10@example.com,Others,45,Visakhapatnam,2026-03-21,Andhra Pradesh
20011,Customer 11,customer11@example.com,Female,35,Hyderabad,2025-01-21,Telangana
20012,Customer 12,customer12@example.com,Female,37,Kolkata,2024-11-04,West Bengal
20013,Customer 13,,Male,31,Kolkata,2025-10-29,West Bengal
20014,Customer 14,customer14@example.com,Others,28,Bengaluru,2024-02-05,Karnataka
20015,Customer 15,customer15@example.com,Female,48,Vijayawada,2025-05-23,Andhra Pradesh
20016,Customer 16,customer16@example.com,Female,56,Bengaluru,2025-03-21,Karnataka
20017,Customer 17,customer17@example.com,Male,31,Chennai,2025-05-13,Tamil Nadu
20018,Customer 18,customer18@example.com,Male,58,Visakhapatnam,2024-04-21,Andhra Pradesh
20019,Customer 19,customer19@example.com,Male,44,Kochi,2026-05-07,Kerala
20020,Customer 20,customer20@example.com,Female,25,Chennai,2024-08-02,Tamil Nadu
20021,Customer 21,customer21@example.com,Male,35,Kochi,2025-09-02,Kerala
20022,Customer 22,customer22@example.com,Male,18,Kochi,2025-11-03,Kerala
20023,Customer 23,customer23@example.com,Male,19,Vijayawada,2024-11-05,Andhra Pradesh
20024,Customer 24,customer24@example.com,Female,33,Bengaluru,2024-04-27,Karnataka
20025,Customer 25,customer25@example.com,Male,39,Chennai,2024-09-24,Tamil Nadu
20026,Customer 26,customer26@example.com,Female,55,Kolkata,2025-12-27,West Bengal
20027,Customer 27,customer27@example.com,Female,24,Kochi,2026-03-26,Kerala
20028,Customer 28,customer28@example.com,Female,57,Visakhapatnam,2026-04-23,Andhra Pradesh
20029,Customer 29,customer29@example.com,Male,29,Pune,2024-07-22,Maharashtra
20030,Customer 30,customer30@example.com,Female,24,Chennai,2025-06-29,Tamil Nadu
20031,Customer 31,customer31@example.com,Female,50,Kochi,2024-05-15,Kerala
20032,Customer 32,customer32@example.com,Female,54,Chennai,2025-10-01,Tamil Nadu
20033,Customer 33,customer33@example.com,Male,46,Mumbai,2025-01-09,Maharashtra
20034,Customer 34,customer34@example.com,Male,23,Kochi,2025-10-04,Kerala
20035,Customer 35,customer35@example.com,Male,23,Delhi,2025-09-08,Delhi
20036,Customer 36,customer36@example.com,Female,36,Chennai,2026-06-12,Tamil Nadu
20037,Customer 37,customer37@example.com,Male,39,Hyderabad,2025-03-15,Telangana
20038,Customer 38,customer38@example.com,Male,64,Pune,2024-11-03,Maharashtra
20039,Customer 39,customer39@example.com,Male,31,Kochi,2025-04-19,Kerala
20040,Customer 40,customer40@example.com,Female,27,Pune,2024-05-26,Maharashtra
20041,Customer 41,customer41@example.com,Male,62,Kolkata,2024-04-10,West Bengal
20042,Customer 42,customer42@example.com,Female,25,Chennai,2025-04-12,Tamil Nadu
20043,Customer 43,customer43@example.com,Female,19,Vijayawada,2026-01-12,Andhra Pradesh
20044,Customer 44,customer44@example.com,Male,37,Vijayawada,2025-04-24,Andhra Pradesh
20045,Customer 45,customer45@example.com,Female,36,Kolkata,2025-12-04,West Bengal
20046,Customer 46,customer46@example.com,Male,47,Vijayawada,2024-06-09,Andhra Pradesh
20047,Customer 47,customer47@example.com,Female,59,Delhi,2025-02-08,Delhi
20048,Customer 48,customer48@example.com,Female,61,Mumbai,2025-07-05,Maharashtra
20049,Customer 49,customer49@example.com,Female,31,Vijayawada,2024-11-08,Andhra Pradesh
20050,Customer 50,customer50@example.com,Male,64,Visakhapatnam,2024-01-13,Andhra Pradesh
20051,Customer 51,customer51@example.com,Female,47,Visakhapatnam,2024-03-07,Andhra Pradesh
20052,Customer 52,customer52@example.com,Female,21,Chennai,2026-04-14,Tamil Nadu
20053,Customer 53,customer53@example.com,Female,62,Kolkata,2025-06-28,West Bengal
20054,Customer 54,customer54@example.com,Female,24,Hyderabad,2024-08-26,Telangana
20055,Customer 55,customer55@example.com,Male,45,Delhi,2024-08-20,Delhi
20056,Customer 56,customer56@example.com,Male,55,Delhi,2024-02-05,Delhi
20057,Customer 57,customer57@example.com,Male,29,Mumbai,2026-04-30,Maharashtra
20058,Customer 58,customer58@example.com,Female,30,Kochi,2024-04-07,Kerala
20059,Customer 59,customer59@example.com,Male,40,Visakhapatnam,2025-11-14,Andhra Pradesh
20060,Customer 60,customer60@example.com,Male,59,Hyderabad,2024-08-04,Telangana
20061,Customer 61,customer61@example.com,Female,28,Chennai,2024-10-29,Tamil Nadu
20062,Customer 62,customer62@example.com,Female,49,Chennai,2024-09-03,Tamil Nadu
20063,Customer 63,customer63@example.com,Male,39,Visakhapatnam,2026-01-12,Andhra Pradesh
20064,Customer 64,customer64@example.com,Female,23,Delhi,2024-01-30,Delhi
20065,Customer 65,customer65@example.com,Male,51,Vijayawada,2024-11-13,Andhra Pradesh
20066,Customer 66,customer66@example.com,Female,57,Visakhapatnam,2024-09-08,Andhra Pradesh
20067,Customer 67,customer67@example.com,Male,45,Vijayawada,2024-09-02,Andhra Pradesh
20068,Customer 68,customer68@example.com,Female,26,Hyderabad,2024-06-22,Telangana
20069,Customer 69,customer69@example.com,Female,25,Bengaluru,2026-04-01,Karnataka
20070,Customer 70,customer70@example.com,Female,37,Mumbai,2024-12-06,Maharashtra
20071,Customer 71,customer71@example.com,Male,41,Mumbai,2025-01-11,Maharashtra
20072,Customer 72,customer72@example.com,Female,43,Vijayawada,2024-12-12,Andhra Pradesh
20073,Customer 73,customer73@example.com,Male,29,Bengaluru,2026-06-01,Karnataka
20074,Customer 74,customer74@example.com,Male,41,Mumbai,2024-11-01,Maharashtra
20075,Customer 75,customer75@example.com,Female,31,Chennai,2024-11-03,Tamil Nadu
20076,Customer 76,customer76@example.com,Male,50,Bengaluru,2024-10-22,Karnataka
20077,Customer 77,customer77@example.com,Female,55,Bengaluru,2024-10-21,Karnataka
20078,Customer 78,customer78@example.com,Female,48,Bengaluru,2024-03-21,Karnataka
20079,Customer 79,customer79@example.com,Male,18,Delhi,2025-06-27,Delhi
20080,Customer 80,customer80@example.com,Female,64,Pune,2024-01-23,Maharashtra
20081,Customer 81,customer81@example.com,Male,19,Pune,2024-07-22,Maharashtra
20082,Customer 82,customer82@example.com,Female,64,Pune,2024-06-30,Maharashtra
20083,Customer 83,customer83@example.com,Male,19,Vijayawada,2024-09-19,Andhra Pradesh
20084,Customer 84,customer84@example.com,Female,42,Visakhapatnam,2025-11-11,Andhra Pradesh
20085,Customer 85,customer85@example.com,Male,22,Delhi,2025-06-23,Delhi
20086,Customer 86,customer86@example.com,Male,22,Kolkata,2026-06-10,West Bengal
20087,Customer 87,customer87@example.com,Male,50,Vijayawada,2024-11-12,Andhra Pradesh
20088,Customer 88,customer88@example.com,Others,52,Kolkata,2026-04-15,West Bengal
20089,Customer 89,,Female,23,Bengaluru,2024-02-10,Karnataka
20090,Customer 90,customer90@example.com,Female,63,Kochi,2025-03-29,Kerala
20091,Customer 91,customer91@example.com,Female,33,Bengaluru,2025-12-19,Karnataka
20092,Customer 92,customer92@example.com,Female,32,Pune,2025-04-23,Maharashtra
20093,Customer 93,customer93@example.com,Female,31,Kolkata,2026-04-19,West Bengal
20094,Customer 94,customer94@example.com,Male,39,Pune,2024-10-10,Maharashtra
20095,Customer 95,customer95@example.com,Female,26,Chennai,2024-01-30,Tamil Nadu
20096,Customer 96,customer96@example.com,Female,37,Kochi,2025-11-27,Kerala
20097,Customer 97,customer97@example.com,Male,27,Hyderabad,2024-03-02,Telangana
20098,Customer 98,customer98@example.com,Male,20,Chennai,2025-11-19,Tamil Nadu
20099,Customer 99,customer99@example.com,Female,35,Kochi,2025-10-22,Kerala
20100,Customer 100,customer100@example.com,Male,49,Vijayawada,2026-01-29,Andhra Pradesh
20101,Customer 101,customer101@example.com,Female,53,Hyderabad,2025-03-07,Telangana
20102,Customer 102,customer102@example.com,Male,34,Vijayawada,2026-03-16,Andhra Pradesh
20103,Customer 103,customer103@example.com,Male,33,Kochi,2024-06-01,Kerala
20104,Customer 104,customer104@example.com,Female,55,Hyderabad,2025-01-25,Telangana
20105,Customer 105,customer105@example.com,Male,50,Pune,2024-04-19,Maharashtra
20106,Customer 106,customer106@example.com,Male,57,Pune,2025-11-21,Maharashtra
20107,Customer 107,customer107@example.com,Female,60,Bengaluru,2025-10-04,Karnataka
20108,Customer 108,customer108@example.com,Female,56,Chennai,2025-12-26,Tamil Nadu
20109,Customer 109,customer109@example.com,Male,62,Bengaluru,2025-11-18,Karnataka
20110,Customer 110,customer110@example.com,Male,37,Bengaluru,2024-10-04,Karnataka
20111,Customer 111,customer111@example.com,Female,36,Pune,2024-03-02,Maharashtra
20112,Customer 112,customer112@example.com,Others,33,Pune,2026-04-16,Maharashtra
20113,Customer 113,customer113@example.com,Female,29,Chennai,2025-03-19,Tamil Nadu
20114,Customer 114,customer114@example.com,Male,53,Chennai,2024-03-25,Tamil Nadu
20115,Customer 115,customer115@example.com,Male,51,Bengaluru,2026-04-14,Karnataka
20116,Customer 116,customer116@example.com,Male,55,Vijayawada,2026-06-13,Andhra Pradesh
20117,Customer 117,customer117@example.com,Male,25,Chennai,2025-02-04,Tamil Nadu
20118,Customer 118,customer118@example.com,Female,41,Kochi,2025-11-24,Kerala
20119,Customer 119,customer119@example.com,Male,28,Delhi,2024-02-02,Delhi
20120,Customer 120,customer120@example.com,Female,59,Visakhapatnam,2024-03-24,Andhra Pradesh
20121,Customer 121,customer121@example.com,Female,30,,2024-09-05,West Bengal
20122,Customer 122,customer122@example.com,Female,24,Chennai,2025-08-13,Tamil Nadu
20123,Customer 123,customer123@example.com,Male,44,Kolkata,2024-04-30,West Bengal
20124,Customer 124,customer124@example.com,Female,59,Chennai,2024-01-31,Tamil Nadu
20125,Customer 125,customer125@example.com,Female,61,Bengaluru,2025-08-24,Karnataka
20126,Customer 126,customer126@example.com,Female,22,Chennai,2025-11-24,Tamil Nadu
20127,Customer 127,customer127@example.com,Male,33,Chennai,2025-10-27,Tamil Nadu
20128,Customer 128,customer128@example.com,Male,25,Bengaluru,2025-12-20,Karnataka
20129,Customer 129,customer129@example.com,Female,32,Hyderabad,2025-12-23,Telangana
20130,Customer 130,customer130@example.com,Male,43,Kochi,2025-06-26,Kerala
20131,Customer 131,customer131@example.com,Male,31,Delhi,2025-04-12,Delhi
20132,Customer 132,customer132@example.com,Female,21,Pune,2026-02-10,Maharashtra
20133,Customer 133,customer133@example.com,Female,41,Kochi,2024-11-09,Kerala
20134,Customer 134,customer134@example.com,Female,20,Chennai,2024-03-29,Tamil Nadu
20135,Customer 135,customer135@example.com,Male,28,Pune,2025-11-07,Maharashtra
20136,Customer 136,customer136@example.com,Female,18,Visakhapatnam,2024-09-05,Andhra Pradesh
20137,Customer 137,customer137@example.com,Male,22,Kolkata,2026-05-30,West Bengal
20138,Customer 138,customer138@example.com,Female,38,Mumbai,2025-01-07,Maharashtra
20139,Customer 139,customer139@example.com,Female,57,Chennai,2026-02-05,Tamil Nadu
20140,Customer 140,customer140@example.com,Male,54,Hyderabad,2024-02-08,Telangana
20141,Customer 141,customer141@example.com,Male,22,Hyderabad,2025-08-16,Telangana
20142,Customer 142,customer142@example.com,Male,19,Bengaluru,2025-02-07,Karnataka
20143,Customer 143,customer143@example.com,Others,33,Vijayawada,2025-02-20,Andhra Pradesh
20144,Customer 144,customer144@example.com,Female,48,Kolkata,2024-08-26,West Bengal
20145,Customer 145,customer145@example.com,Female,53,Pune,2026-05-24,Maharashtra
20146,Customer 146,customer146@example.com,Female,56,Vijayawada,2024-12-19,Andhra Pradesh
20147,Customer 147,customer147@example.com,Male,34,Bengaluru,2026-02-04,Karnataka
20148,Customer 148,customer148@example.com,Female,25,Chennai,2025-01-17,Tamil Nadu
20149,Customer 149,customer149@example.com,Male,19,Mumbai,2024-02-13,Maharashtra
20150,Customer 150,customer150@example.com,Male,24,Kochi,2026-03-02,Kerala
20151,Customer 151,customer151@example.com,Female,21,Kolkata,2024-06-15,West Bengal
20152,Customer 152,customer152@example.com,Female,58,Visakhapatnam,2024-08-31,Andhra Pradesh
20153,Customer 153,customer153@example.com,Male,30,Chennai,2026-02-13,Tamil Nadu
20154,Customer 154,customer154@example.com,Female,56,Visakhapatnam,2026-03-15,Andhra Pradesh
20155,Customer 155,customer155@example.com,Female,43,Hyderabad,2026-04-05,Telangana
20156,Customer 156,customer156@example.com,Female,43,Chennai,2025-01-18,Tamil Nadu
20157,Customer 157,customer157@example.com,Female,39,Delhi,2025-11-12,Delhi
20158,Customer 158,customer158@example.com,Male,56,Hyderabad,2024-10-22,Telangana
20159,Customer 159,customer159@example.com,Male,20,Visakhapatnam,2025-10-28,Andhra Pradesh
20160,Customer 160,customer160@example.com,Male,22,Visakhapatnam,2025-03-28,Andhra Pradesh
20161,Customer 161,customer161@example.com,Female,37,Delhi,2024-02-16,Delhi
20162,Customer 162,customer162@example.com,Female,36,Mumbai,2025-01-10,Maharashtra
20163,Customer 163,customer163@example.com,Male,43,Hyderabad,2025-02-24,Telangana
20164,Customer 164,customer164@example.com,Male,52,Kolkata,2024-08-19,West Bengal
20165,Customer 165,customer165@example.com,Male,45,Delhi,2024-12-03,Delhi
20166,Customer 166,customer166@example.com,Female,30,Vijayawada,2025-03-28,Andhra Pradesh
20167,Customer 167,customer167@example.com,Female,33,Kolkata,2024-02-14,West Bengal
20168,Customer 168,customer168@example.com,Male,53,Bengaluru,2024-05-16,Karnataka
20169,Customer 169,customer169@example.com,Male,27,Bengaluru,2025-11-21,Karnataka
20170,Customer 170,customer170@example.com,Female,41,Vijayawada,2024-11-12,Andhra Pradesh
20171,Customer 171,customer171@example.com,Male,43,Bengaluru,2025-07-01,Karnataka
20172,Customer 172,customer172@example.com,Female,53,Kochi,2025-05-24,Kerala
20173,Customer 173,customer173@example.com,Male,51,Bengaluru,2025-05-11,Karnataka
20174,Customer 174,customer174@example.com,Male,39,Vijayawada,2025-01-07,Andhra Pradesh
20175,Customer 175,customer175@example.com,Female,32,Kochi,2025-03-10,Kerala
20176,Customer 176,customer176@example.com,Male,35,Pune,2026-01-11,Maharashtra
20177,Customer 177,customer177@example.com,Male,37,Hyderabad,2026-05-18,Telangana
20178,Customer 178,customer178@example.com,Male,28,Visakhapatnam,2024-08-19,Andhra Pradesh
20179,Customer 179,customer179@example.com,Male,47,Bengaluru,2025-08-25,Karnataka
20180,Customer 180,customer180@example.com,Male,27,Delhi,2026-05-22,Delhi
20181,Customer 181,customer181@example.com,Male,48,Kochi,2024-01-07,Kerala
20182,Customer 182,customer182@example.com,Male,53,Vijayawada,2025-12-07,Andhra Pradesh
20183,Customer 183,customer183@example.com,Male,63,Hyderabad,2025-03-23,Telangana
20184,Customer 184,customer184@example.com,Female,23,Visakhapatnam,2026-05-20,Andhra Pradesh
20185,Customer 185,customer185@example.com,Female,53,Bengaluru,2025-06-04,Karnataka
20186,Customer 186,customer186@example.com,Male,22,Vijayawada,2026-01-24,Andhra Pradesh
20187,Customer 187,customer187@example.com,Male,33,Kolkata,2024-05-29,West Bengal
20188,Customer 188,customer188@example.com,Female,26,Chennai,2024-05-07,Tamil Nadu
20189,Customer 189,customer189@example.com,Female,25,Pune,2026-04-13,Maharashtra
20190,Customer 190,customer190@example.com,Female,26,Bengaluru,2025-04-18,Karnataka
20191,Customer 191,customer191@example.com,Male,20,Kochi,2025-05-17,Kerala
20192,Customer 192,customer192@example.com,Male,56,Chennai,2024-06-01,Tamil Nadu
20193,Customer 193,customer193@example.com,Male,20,Mumbai,2024-07-23,Maharashtra
20194,Customer 194,customer194@example.com,Male,36,Delhi,2026-01-06,Delhi
20195,Customer 195,customer195@example.com,Female,50,Kolkata,2024-09-29,West Bengal
20196,Customer 196,customer196@example.com,Male,64,Delhi,2025-06-09,Delhi
20197,Customer 197,customer197@example.com,Male,58,Delhi,2024-10-11,Delhi
20198,Customer 198,customer198@example.com,Male,24,Delhi,2024-08-25,Delhi
20199,Customer 199,customer199@example.com,Female,64,Visakhapatnam,2024-05-29,Andhra Pradesh
20200,Customer 200,customer200@example.com,Male,48,Mumbai,2026-04-16,Maharashtra
20201,Customer 201,customer201@example.com,Female,26,Visakhapatnam,2026-04-26,Andhra Pradesh
20202,Customer 202,customer202@example.com,Male,39,Vijayawada,2024-04-13,Andhra Pradesh
20203,Customer 203,customer203@example.com,Female,61,Kochi,2024-11-13,Kerala
20204,Customer 204,customer204@example.com,Male,36,Kochi,2025-05-22,Kerala
20205,Customer 205,customer205@example.com,Female,26,Vijayawada,2024-12-10,Andhra Pradesh
20206,Customer 206,customer206@example.com,Female,59,Chennai,2025-10-10,Tamil Nadu
20207,Customer 207,customer207@example.com,Others,62,Vijayawada,2024-08-22,Andhra Pradesh
20208,Customer 208,customer208@example.com,Female,63,Vijayawada,2024-02-22,Andhra Pradesh
20209,Customer 209,customer209@example.com,Female,62,Chennai,2024-10-30,Tamil Nadu
20210,Customer 210,customer210@example.com,Female,59,Kolkata,2025-06-22,West Bengal
20211,Customer 211,customer211@example.com,Female,39,Chennai,2024-06-11,Tamil Nadu
20212,Customer 212,customer212@example.com,Male,27,Delhi,2026-01-04,Delhi
20213,Customer 213,customer213@example.com,Female,47,Vijayawada,2024-01-12,Andhra Pradesh
20214,Customer 214,customer214@example.com,Female,28,Bengaluru,2024-03-01,Karnataka
20215,Customer 215,customer215@example.com,Female,40,Mumbai,2025-04-02,Maharashtra
20216,Customer 216,customer216@example.com,Male,48,Vijayawada,2025-04-06,Andhra Pradesh
20217,Customer 217,customer217@example.com,Male,62,Pune,2024-09-22,Maharashtra
20218,Customer 218,customer218@example.com,Female,31,Kochi,2024-08-20,Kerala
20219,Customer 219,customer219@example.com,Male,29,Hyderabad,2024-03-03,Telangana
20220,Customer 220,customer220@example.com,Male,52,Vijayawada,2025-08-19,Andhra Pradesh
20221,Customer 221,customer221@example.com,Male,18,Visakhapatnam,2024-12-07,Andhra Pradesh
20222,Customer 222,customer222@example.com,Male,44,Kochi,2024-04-16,Kerala
20223,Customer 223,customer223@example.com,Male,53,Bengaluru,2024-12-25,Karnataka
20224,Customer 224,customer224@example.com,Male,43,Kochi,2026-04-23,Kerala
20225,Customer 225,customer225@example.com,Male,36,Mumbai,2024-08-23,Maharashtra
20226,Customer 226,customer226@example.com,Male,56,Mumbai,2026-03-16,Maharashtra
20227,Customer 227,customer227@example.com,Male,35,Mumbai,2024-08-20,Maharashtra
20228,Customer 228,customer228@example.com,Female,51,Kolkata,2024-06-16,West Bengal
20229,Customer 229,customer229@example.com,Male,39,Kolkata,2024-08-22,West Bengal
20230,Customer 230,customer230@example.com,Female,19,Pune,2024-10-17,Maharashtra
20231,Customer 231,customer231@example.com,Female,42,Hyderabad,2024-04-18,Telangana
20232,Customer 232,customer232@example.com,Female,20,Kochi,2025-06-12,Kerala
20233,Customer 233,customer233@example.com,Male,61,Chennai,2024-10-27,Tamil Nadu
20234,Customer 234,customer234@example.com,Female,46,Hyderabad,2025-10-08,Telangana
20235,Customer 235,customer235@example.com,Female,35,Delhi,2025-03-17,Delhi
20236,Customer 236,customer236@example.com,Female,40,Pune,2025-02-02,Maharashtra
20237,Customer 237,customer237@example.com,Female,47,Kolkata,2025-02-27,West Bengal
20238,Customer 238,customer238@example.com,Female,30,Visakhapatnam,2024-05-20,Andhra Pradesh
20239,Customer 239,customer239@example.com,Female,31,Hyderabad,2025-10-03,Telangana
20240,Customer 240,customer240@example.com,Male,37,Chennai,2024-04-03,Tamil Nadu
20241,Customer 241,customer241@example.com,Female,30,Delhi,2025-10-11,Delhi
20242,Customer 242,customer242@example.com,Male,53,Vijayawada,2026-06-18,Andhra Pradesh
20243,Customer 243,customer243@example.com,Female,22,Kolkata,2025-11-18,West Bengal
20244,Customer 244,customer244@example.com,Female,56,Mumbai,2025-02-13,Maharashtra
20245,Customer 245,customer245@example.com,Male,34,Kolkata,2024-10-10,West Bengal
20246,Customer 246,customer246@example.com,Female,44,Kochi,2026-02-24,Kerala
20247,Customer 247,customer247@example.com,Male,25,Pune,2024-08-19,Maharashtra
20248,Customer 248,customer248@example.com,Female,36,Visakhapatnam,2025-03-10,Andhra Pradesh
20249,Customer 249,customer249@example.com,Male,53,Vijayawada,2025-11-24,Andhra Pradesh
20250,Customer 250,customer250@example.com,Female,30,Mumbai,2026-04-10,Maharashtra
20251,Customer 251,customer251@example.com,Male,24,Chennai,2026-04-08,Tamil Nadu
20252,Customer 252,customer252@example.com,Female,42,Vijayawada,2024-03-19,Andhra Pradesh
20253,Customer 253,customer253@example.com,Female,25,Chennai,2026-03-19,Tamil Nadu
20254,Customer 254,customer254@example.com,Female,32,Mumbai,2024-04-12,Maharashtra
20255,Customer 255,customer255@example.com,Female,39,Chennai,2025-06-10,Tamil Nadu
20256,Customer 256,customer256@example.com,Female,44,Kolkata,2026-04-16,West Bengal
20257,Customer 257,customer257@example.com,Female,48,Chennai,2025-08-12,Tamil Nadu
20258,Customer 258,customer258@example.com,Male,49,Kolkata,2026-05-02,West Bengal
20259,Customer 259,customer259@example.com,Female,57,Kochi,2024-11-05,Kerala
20260,Customer 260,customer260@example.com,Male,21,Visakhapatnam,2024-10-10,Andhra Pradesh
20261,Customer 261,customer261@example.com,Female,35,Kochi,2024-10-20,Kerala
20262,Customer 262,customer262@example.com,Male,18,Hyderabad,2024-11-15,Telangana
20263,Customer 263,customer263@example.com,Female,18,Pune,2025-09-06,Maharashtra
20264,Customer 264,customer264@example.com,Female,27,Chennai,2025-02-11,Tamil Nadu
20265,Customer 265,customer265@example.com,Male,46,Kochi,2025-10-25,Kerala
20266,Customer 266,customer266@example.com,Female,60,Vijayawada,2025-01-09,Andhra Pradesh
20267,Customer 267,customer267@example.com,Female,54,Mumbai,2024-10-03,Maharashtra
20268,Customer 268,customer268@example.com,Female,48,Delhi,2024-06-20,Delhi
20269,Customer 269,customer269@example.com,Female,54,Kolkata,2025-05-10,West Bengal
20270,Customer 270,customer270@example.com,Female,26,Pune,2026-03-19,Maharashtra
20271,Customer 271,customer271@example.com,Female,57,Pune,2026-02-12,Maharashtra
20272,Customer 272,customer272@example.com,Male,59,Hyderabad,2024-08-15,Telangana
20273,Customer 273,customer273@example.com,Male,22,Pune,2025-03-05,Maharashtra
20274,Customer 274,customer274@example.com,Male,40,Mumbai,2025-09-26,Maharashtra
20275,Customer 275,customer275@example.com,Female,57,Visakhapatnam,2025-07-05,Andhra Pradesh
20276,Customer 276,customer276@example.com,Male,40,Visakhapatnam,2024-03-01,Andhra Pradesh
20277,Customer 277,customer277@example.com,Female,57,Vijayawada,2025-06-15,Andhra Pradesh
20278,Customer 278,customer278@example.com,Female,61,Hyderabad,2024-02-04,Telangana
20279,Customer 279,customer279@example.com,Male,40,Visakhapatnam,2024-04-14,Andhra Pradesh
20280,Customer 280,customer280@example.com,Female,20,Mumbai,2025-08-11,Maharashtra
20281,Customer 281,customer281@example.com,Female,33,Pune,2024-04-02,Maharashtra
20282,Customer 282,customer282@example.com,Male,28,Kochi,2024-11-01,Kerala
20283,Customer 283,customer283@example.com,Male,40,Visakhapatnam,2025-06-13,Andhra Pradesh
20284,Customer 284,customer284@example.com,Male,45,Hyderabad,2025-08-12,Telangana
20285,Customer 285,customer285@example.com,Male,39,Mumbai,2025-02-05,Maharashtra
20286,Customer 286,customer286@example.com,Male,27,Vijayawada,2024-03-25,Andhra Pradesh
20287,Customer 287,customer287@example.com,Female,32,Delhi,2025-12-20,Delhi
20288,Customer 288,customer288@example.com,Male,49,Chennai,2026-05-04,Tamil Nadu
20289,Customer 289,customer289@example.com,Male,19,Delhi,2026-03-10,Delhi
20290,Customer 290,customer290@example.com,Female,28,Visakhapatnam,2025-11-04,Andhra Pradesh
20291,Customer 291,customer291@example.com,Female,59,Chennai,2024-12-27,Tamil Nadu
20292,Customer 292,customer292@example.com,Female,22,Vijayawada,2026-02-27,Andhra Pradesh
20293,Customer 293,customer293@example.com,Female,37,Vijayawada,2025-03-15,Andhra Pradesh
20294,Customer 294,customer294@example.com,Male,27,Visakhapatnam,2024-05-02,Andhra Pradesh
20295,Customer 295,customer295@example.com,Male,22,Chennai,2026-02-04,Tamil Nadu
20296,Customer 296,customer296@example.com,Others,37,Chennai,2024-10-15,Tamil Nadu
20297,Customer 297,customer297@example.com,Female,42,Delhi,2026-04-24,Delhi
20298,Customer 298,customer298@example.com,Female,26,Delhi,2024-11-27,Delhi
20299,Customer 299,customer299@example.com,Male,21,Pune,2026-02-21,Maharashtra
20300,Customer 300,customer300@example.com,Female,24,Vijayawada,2025-04-28,Andhra Pradesh
20301,Customer 301,customer301@example.com,Female,48,Vijayawada,2025-02-24,Andhra Pradesh
20302,Customer 302,customer302@example.com,Male,58,Chennai,2024-09-24,Tamil Nadu
20303,Customer 303,customer303@example.com,Female,26,Vijayawada,2026-01-22,Andhra Pradesh
20304,Customer 304,customer304@example.com,Female,33,Chennai,2024-02-24,Tamil Nadu
20305,Customer 305,customer305@example.com,Male,34,Pune,2025-02-25,Maharashtra
20306,Customer 306,customer306@example.com,Male,34,Hyderabad,2024-11-27,Telangana
20307,Customer 307,customer307@example.com,Female,29,Mumbai,2025-05-04,Maharashtra
20308,Customer 308,customer308@example.com,Male,20,Kochi,2024-08-17,Kerala
20309,Customer 309,customer309@example.com,Male,42,Pune,2025-08-21,Maharashtra
20310,Customer 310,customer310@example.com,Male,34,Vijayawada,2024-12-13,Andhra Pradesh
20311,Customer 311,customer311@example.com,Male,34,Bengaluru,2024-06-18,Karnataka
20312,Customer 312,customer312@example.com,Female,30,Kolkata,2024-06-26,West Bengal
20313,Customer 313,customer313@example.com,Female,61,Mumbai,2025-09-18,Maharashtra
20314,Customer 314,customer314@example.com,Male,46,Vijayawada,2024-08-23,Andhra Pradesh
20315,Customer 315,customer315@example.com,Others,37,Kochi,2024-10-03,Kerala
20316,Customer 316,customer316@example.com,Female,27,Delhi,2025-07-18,Delhi
20317,Customer 317,customer317@example.com,Male,55,Bengaluru,2024-10-23,Karnataka
20318,Customer 318,customer318@example.com,Female,59,Pune,2024-12-15,Maharashtra
20319,Customer 319,customer319@example.com,Male,19,Bengaluru,2024-08-08,Karnataka
20320,Customer 320,customer320@example.com,Others,61,Pune,2024-11-06,Maharashtra
20321,Customer 321,customer321@example.com,Female,50,Hyderabad,2025-09-15,Telangana
20322,Customer 322,customer322@example.com,Female,22,Kolkata,2025-04-25,West Bengal
20323,Customer 323,customer323@example.com,Male,53,Mumbai,2026-06-16,Maharashtra
20324,Customer 324,customer324@example.com,Female,23,Chennai,2025-11-25,Tamil Nadu
20325,Customer 325,customer325@example.com,Male,20,Hyderabad,2024-01-16,Telangana
20326,Customer 326,customer326@example.com,Male,23,Visakhapatnam,2024-12-06,Andhra Pradesh
20327,Customer 327,customer327@example.com,Male,39,Visakhapatnam,2024-09-17,Andhra Pradesh
20328,Customer 328,customer328@example.com,Female,47,Visakhapatnam,2025-06-12,Andhra Pradesh
20329,Customer 329,customer329@example.com,Male,37,Hyderabad,2024-08-27,Telangana
20330,Customer 330,customer330@example.com,Female,23,Mumbai,2026-05-19,Maharashtra
20331,Customer 331,customer331@example.com,Female,27,Kochi,2024-09-26,Kerala
20332,Customer 332,customer332@example.com,Male,58,Delhi,2025-04-14,Delhi
20333,Customer 333,customer333@example.com,Male,63,Bengaluru,2024-04-20,Karnataka
20334,Customer 334,customer334@example.com,Male,53,Bengaluru,2026-03-29,Karnataka
20335,Customer 335,customer335@example.com,Female,22,Chennai,2026-03-31,Tamil Nadu
20336,Customer 336,customer336@example.com,Female,56,Kochi,2025-12-15,Kerala
20337,Customer 337,customer337@example.com,Male,50,Bengaluru,2024-11-12,Karnataka
20338,Customer 338,customer338@example.com,Female,42,Kochi,2024-02-22,Kerala
20339,Customer 339,customer339@example.com,Male,24,Kolkata,2025-10-01,West Bengal
20340,Customer 340,customer340@example.com,Female,64,Kochi,2025-01-21,Kerala
20341,Customer 341,customer341@example.com,Female,38,Visakhapatnam,2026-06-10,Andhra Pradesh
20342,Customer 342,customer342@example.com,Female,20,Mumbai,2025-09-20,Maharashtra
20343,Customer 343,customer343@example.com,Female,27,Visakhapatnam,2025-04-29,Andhra Pradesh
20344,Customer 344,customer344@example.com,Female,36,Bengaluru,2026-06-07,Karnataka
20345,Customer 345,customer345@example.com,Male,20,Chennai,2025-12-21,Tamil Nadu
20346,Customer 346,customer346@example.com,Male,33,Chennai,2025-02-16,Tamil Nadu
20347,Customer 347,customer347@example.com,Male,40,Bengaluru,2024-01-17,Karnataka
20348,Customer 348,customer348@example.com,Female,62,Hyderabad,2024-03-24,Telangana
20349,Customer 349,customer349@example.com,Female,22,Bengaluru,2025-02-03,Karnataka
20350,Customer 350,customer350@example.com,Female,45,Bengaluru,2025-05-20,Karnataka
20351,Customer 351,customer351@example.com,Female,61,Mumbai,2024-01-28,Maharashtra
20352,Customer 352,customer352@example.com,Male,55,Hyderabad,2024-04-23,Telangana
20353,Customer 353,customer353@example.com,Female,61,Hyderabad,2025-09-25,Telangana
20354,Customer 354,customer354@example.com,Male,26,Kochi,2025-11-07,Kerala
20355,Customer 355,customer355@example.com,Male,55,Hyderabad,2024-01-27,Telangana
20356,Customer 356,customer356@example.com,Female,63,Hyderabad,2025-04-01,Telangana
20357,Customer 357,customer357@example.com,Others,33,Hyderabad,2024-03-13,Telangana
20358,Customer 358,customer358@example.com,Female,41,Bengaluru,2025-10-13,Karnataka
20359,Customer 359,customer359@example.com,Male,42,Delhi,2026-01-20,Delhi
20360,Customer 360,customer360@example.com,Female,41,Visakhapatnam,2026-02-21,Andhra Pradesh
20361,Customer 361,customer361@example.com,Male,31,Vijayawada,2025-06-22,Andhra Pradesh
20362,Customer 362,customer362@example.com,Female,63,Delhi,2025-07-20,Delhi
20363,Customer 363,customer363@example.com,Female,62,Hyderabad,2026-04-13,Telangana
20364,Customer 364,customer364@example.com,Male,35,Vijayawada,2025-07-05,Andhra Pradesh
20365,Customer 365,customer365@example.com,Male,55,Hyderabad,2025-02-05,Telangana
20366,Customer 366,customer366@example.com,Male,36,Kolkata,2025-11-10,West Bengal
20367,Customer 367,customer367@example.com,Others,55,Pune,2025-06-15,Maharashtra
20368,Customer 368,customer368@example.com,Male,45,Visakhapatnam,2026-01-28,Andhra Pradesh
20369,Customer 369,customer369@example.com,Female,40,Mumbai,2025-04-17,Maharashtra
20370,Customer 370,customer370@example.com,Female,24,Kolkata,2026-02-21,West Bengal
20371,Customer 371,customer371@example.com,Female,48,Pune,2024-02-10,Maharashtra
20372,Customer 372,customer372@example.com,Male,33,Delhi,2024-02-02,Delhi
20373,Customer 373,customer373@example.com,Female,28,Kochi,2024-03-30,Kerala
20374,Customer 374,customer374@example.com,Male,27,Vijayawada,2025-05-15,Andhra Pradesh
20375,Customer 375,customer375@example.com,Female,64,Pune,2025-09-30,Maharashtra
20376,Customer 376,customer376@example.com,Female,22,Pune,2024-07-13,Maharashtra
20377,Customer 377,customer377@example.com,Female,55,Vijayawada,2024-05-20,Andhra Pradesh
20378,Customer 378,customer378@example.com,Female,58,Mumbai,2026-02-13,Maharashtra
20379,Customer 379,customer379@example.com,Male,19,Bengaluru,2025-11-06,Karnataka
20380,Customer 380,customer380@example.com,Female,45,Pune,2025-08-06,Maharashtra
20381,Customer 381,customer381@example.com,Male,45,Hyderabad,2025-03-15,Telangana
20382,Customer 382,customer382@example.com,Male,34,Bengaluru,2025-01-13,Karnataka
20383,Customer 383,customer383@example.com,Male,49,Pune,2024-01-19,Maharashtra
20384,Customer 384,customer384@example.com,Male,37,Vijayawada,2024-06-18,Andhra Pradesh
20385,Customer 385,customer385@example.com,Male,38,Vijayawada,2026-03-18,Andhra Pradesh
20386,Customer 386,customer386@example.com,Male,38,Chennai,2024-11-01,Tamil Nadu
20387,Customer 387,customer387@example.com,Male,55,Pune,2025-09-26,Maharashtra
20388,Customer 388,customer388@example.com,Female,47,Bengaluru,2025-09-25,Karnataka
20389,Customer 389,customer389@example.com,Female,35,Vijayawada,2024-10-05,Andhra Pradesh
20390,Customer 390,customer390@example.com,Male,61,Chennai,2024-07-02,Tamil Nadu
20391,Customer 391,customer391@example.com,Male,55,Vijayawada,2025-09-14,Andhra Pradesh
20392,Customer 392,customer392@example.com,Male,61,Visakhapatnam,2024-03-25,Andhra Pradesh
20393,Customer 393,customer393@example.com,Female,52,Kolkata,2025-03-21,West Bengal
20394,Customer 394,customer394@example.com,Male,36,Mumbai,2026-03-10,Maharashtra
20395,Customer 395,customer395@example.com,Male,54,Kochi,2025-10-02,Kerala
20396,Customer 396,customer396@example.com,Male,33,Kolkata,2025-11-18,West Bengal
20397,Customer 397,customer397@example.com,Male,30,Kolkata,2024-03-15,West Bengal
20398,Customer 398,customer398@example.com,Male,39,Visakhapatnam,2024-06-28,Andhra Pradesh
20399,Customer 399,customer399@example.com,Female,63,Visakhapatnam,2024-09-04,Andhra Pradesh
20400,Customer 400,customer400@example.com,Female,44,Hyderabad,2024-09-20,Telangana
20401,Customer 401,customer401@example.com,Female,36,Visakhapatnam,2024-06-23,Andhra Pradesh
20402,Customer 402,customer402@example.com,Female,39,Vijayawada,2026-05-24,Andhra Pradesh
20403,Customer 403,customer403@example.com,Female,31,Chennai,2024-05-28,Tamil Nadu
20404,Customer 404,customer404@example.com,Male,48,Mumbai,2025-09-29,Maharashtra
20405,Customer 405,customer405@example.com,Female,34,Vijayawada,2025-06-12,Andhra Pradesh
20406,Customer 406,customer406@example.com,Female,44,Chennai,2025-07-03,Tamil Nadu
20407,Customer 407,customer407@example.com,Male,35,Pune,2024-07-12,Maharashtra
20408,Customer 408,customer408@example.com,Female,33,Kolkata,2024-10-03,West Bengal
20409,Customer 409,customer409@example.com,Male,63,Kolkata,2025-06-29,West Bengal
20410,Customer 410,customer410@example.com,Female,34,Kochi,2024-09-26,Kerala
20411,Customer 411,customer411@example.com,Female,21,Bengaluru,2025-09-16,Karnataka
20412,Customer 412,customer412@example.com,Female,35,Chennai,2024-02-05,Tamil Nadu
20413,Customer 413,customer413@example.com,Female,43,Kochi,2024-03-06,Kerala
20414,Customer 414,customer414@example.com,Female,22,Delhi,2025-10-17,Delhi
20415,Customer 415,customer415@example.com,Female,32,Chennai,2025-07-09,Tamil Nadu
20416,Customer 416,customer416@example.com,Female,25,Chennai,2024-02-08,Tamil Nadu
20417,Customer 417,customer417@example.com,Male,41,Mumbai,2026-03-20,Maharashtra
20418,Customer 418,customer418@example.com,Female,51,Delhi,2024-01-05,Delhi
20419,Customer 419,customer419@example.com,Female,63,Chennai,2026-05-09,Tamil Nadu
20420,Customer 420,customer420@example.com,Male,36,Kolkata,2025-10-18,West Bengal
20421,Customer 421,customer421@example.com,Male,58,Pune,2026-06-08,Maharashtra
20422,Customer 422,customer422@example.com,Female,28,Kolkata,2026-05-03,West Bengal
20423,Customer 423,customer423@example.com,Male,54,Bengaluru,2024-10-08,Karnataka
20424,Customer 424,customer424@example.com,Male,44,Kolkata,2025-11-11,West Bengal
20425,Customer 425,customer425@example.com,Male,53,Kochi,2024-07-08,Kerala
20426,Customer 426,customer426@example.com,Male,53,Bengaluru,2025-02-28,Karnataka
20427,Customer 427,customer427@example.com,Male,43,Mumbai,2024-08-04,Maharashtra
20428,Customer 428,customer428@example.com,Female,30,Kolkata,2025-03-13,West Bengal
20429,Customer 429,customer429@example.com,Male,42,Kolkata,2026-02-24,West Bengal
20430,Customer 430,customer430@example.com,Female,56,Kolkata,2025-01-27,West Bengal
20431,Customer 431,customer431@example.com,Female,63,Delhi,2024-03-24,Delhi
20432,Customer 432,customer432@example.com,Male,61,Kolkata,2024-10-19,West Bengal
20433,Customer 433,customer433@example.com,Male,26,Kolkata,2025-12-08,West Bengal
20434,Customer 434,customer434@example.com,Female,46,Hyderabad,2025-04-14,Telangana
20435,Customer 435,customer435@example.com,Male,22,Vijayawada,2025-05-19,Andhra Pradesh
20436,Customer 436,customer436@example.com,Male,49,Pune,2025-01-23,Maharashtra
20437,Customer 437,customer437@example.com,Female,64,Hyderabad,2024-09-20,Telangana
20438,Customer 438,customer438@example.com,Others,20,Pune,2025-06-22,Maharashtra
20439,Customer 439,customer439@example.com,Female,48,Pune,2025-07-23,Maharashtra
20440,Customer 440,customer440@example.com,Male,62,Hyderabad,2026-03-19,Telangana
20441,Customer 441,customer441@example.com,Female,57,Kochi,2025-07-10,Kerala
20442,Customer 442,customer442@example.com,Female,36,Chennai,2026-06-14,Tamil Nadu
20443,Customer 443,customer443@example.com,Male,22,Mumbai,2026-01-13,Maharashtra
20444,Customer 444,customer444@example.com,Female,61,Pune,2024-03-11,Maharashtra
20445,Customer 445,customer445@example.com,Male,61,Visakhapatnam,2024-12-18,Andhra Pradesh
20446,Customer 446,customer446@example.com,Male,45,Vijayawada,2024-12-12,Andhra Pradesh
20447,Customer 447,customer447@example.com,Female,64,Vijayawada,2024-01-03,Andhra Pradesh
20448,Customer 448,customer448@example.com,Male,18,Chennai,2024-06-11,Tamil Nadu
20449,Customer 449,customer449@example.com,Male,46,Visakhapatnam,2025-11-16,Andhra Pradesh
20450,Customer 450,customer450@example.com,Female,19,Visakhapatnam,2024-11-12,Andhra Pradesh
20451,Customer 451,customer451@example.com,Others,61,Pune,2024-05-13,Maharashtra
20452,Customer 452,customer452@example.com,Female,49,Delhi,2024-09-15,Delhi
20453,Customer 453,customer453@example.com,Female,60,Hyderabad,2024-09-04,Telangana
20454,Customer 454,customer454@example.com,Others,44,Vijayawada,2024-06-06,Andhra Pradesh
20455,Customer 455,customer455@example.com,Male,21,Kochi,2024-04-01,Kerala
20456,Customer 456,customer456@example.com,Male,19,Pune,2025-11-18,Maharashtra
20457,Customer 457,customer457@example.com,Male,33,Delhi,2026-01-12,Delhi
20458,Customer 458,customer458@example.com,Male,52,Pune,2025-03-22,Maharashtra
20459,Customer 459,customer459@example.com,Female,25,Hyderabad,2025-07-07,Telangana
20460,Customer 460,customer460@example.com,Male,58,Kolkata,2026-04-07,West Bengal
20461,Customer 461,customer461@example.com,Male,29,Vijayawada,2026-01-28,Andhra Pradesh
20462,Customer 462,customer462@example.com,Male,41,Kochi,2024-01-30,Kerala
20463,Customer 463,customer463@example.com,Male,27,Kochi,2026-05-07,Kerala
20464,Customer 464,customer464@example.com,Female,39,Pune,2024-03-01,Maharashtra
20465,Customer 465,customer465@example.com,Male,39,Kochi,2024-01-24,Kerala
20466,Customer 466,customer466@example.com,Male,18,Delhi,2024-12-28,Delhi
20467,Customer 467,customer467@example.com,Male,44,Kolkata,2025-11-02,West Bengal
20468,Customer 468,customer468@example.com,Female,54,Kolkata,2024-03-13,West Bengal
20469,Customer 469,customer469@example.com,Female,62,Kochi,2024-09-20,Kerala
20470,Customer 470,customer470@example.com,Female,33,Vijayawada,2024-08-24,Andhra Pradesh
20471,Customer 471,customer471@example.com,Male,59,Bengaluru,2024-12-23,Karnataka
20472,Customer 472,customer472@example.com,Male,59,Hyderabad,2026-06-06,Telangana
20473,Customer 473,customer473@example.com,Female,64,Pune,2024-10-25,Maharashtra
20474,Customer 474,customer474@example.com,Female,35,Delhi,2024-07-07,Delhi
20475,Customer 475,customer475@example.com,Female,57,Kolkata,2024-04-20,West Bengal
20476,Customer 476,customer476@example.com,Female,44,Pune,2024-06-27,Maharashtra
20477,Customer 477,customer477@example.com,Female,20,Delhi,2024-04-29,Delhi
20478,Customer 478,customer478@example.com,Male,30,Kochi,2025-05-31,Kerala
20479,Customer 479,customer479@example.com,Male,49,Mumbai,2025-01-13,Maharashtra
20480,Customer 480,customer480@example.com,Female,25,Pune,2025-03-24,Maharashtra
20481,Customer 481,customer481@example.com,Male,38,Delhi,2026-01-18,Delhi
20482,Customer 482,customer482@example.com,Female,54,Pune,2025-06-06,Maharashtra
20483,Customer 483,customer483@example.com,Female,25,Kochi,2024-05-19,Kerala
20484,Customer 484,customer484@example.com,Female,41,Kochi,2024-12-05,Kerala
20485,Customer 485,customer485@example.com,Female,28,Delhi,2024-10-08,Delhi
20486,Customer 486,customer486@example.com,Female,43,Pune,2026-01-14,Maharashtra
20487,Customer 487,customer487@example.com,Female,29,Delhi,2024-10-03,Delhi
20488,Customer 488,customer488@example.com,Female,63,Bengaluru,2024-05-04,Karnataka
20489,Customer 489,customer489@example.com,Female,21,Pune,2025-10-24,Maharashtra
20490,Customer 490,customer490@example.com,Male,63,Chennai,2025-01-20,Tamil Nadu
20491,Customer 491,customer491@example.com,Female,55,Bengaluru,2024-03-27,Karnataka
20492,Customer 492,customer492@example.com,Female,58,Hyderabad,2025-09-12,Telangana
20493,Customer 493,customer493@example.com,Male,58,Delhi,2024-07-08,Delhi
20494,Customer 494,customer494@example.com,Male,26,Hyderabad,2026-02-20,Telangana
20495,Customer 495,customer495@example.com,Female,61,Kolkata,2026-01-19,West Bengal
20496,Customer 496,customer496@example.com,Female,45,Pune,2024-11-28,Maharashtra
20497,Customer 497,customer497@example.com,Male,63,Mumbai,2025-05-15,Maharashtra
20498,Customer 498,customer498@example.com,Male,59,Vijayawada,2025-05-25,Andhra Pradesh
20499,Customer 499,customer499@example.com,Male,45,Delhi,2025-08-11,Delhi
20500,Customer 500,customer500@example.com,Male,35,Vijayawada,2024-03-03,Andhra Pradesh
20501,Customer 501,customer501@example.com,Female,23,Vijayawada,2024-10-19,Andhra Pradesh
20502,Customer 502,customer502@example.com,Male,22,Hyderabad,2024-06-02,Telangana
20503,Customer 503,customer503@example.com,Male,36,Chennai,2025-09-19,Tamil Nadu
20504,Customer 504,customer504@example.com,Female,56,Delhi,2024-03-03,Delhi
20505,Customer 505,customer505@example.com,Male,41,Kochi,2025-04-10,Kerala
20506,Customer 506,customer506@example.com,Male,40,Bengaluru,2025-10-17,Karnataka
20507,Customer 507,customer507@example.com,Female,29,Bengaluru,2026-05-03,Karnataka
20508,Customer 508,customer508@example.com,Female,44,Kochi,2024-09-16,Kerala
20509,Customer 509,customer509@example.com,Others,47,Kochi,2024-01-08,Kerala
20510,Customer 510,customer510@example.com,Female,64,Bengaluru,2025-10-13,Karnataka
20511,Customer 511,customer511@example.com,Male,52,Pune,2024-01-02,Maharashtra
20512,Customer 512,customer512@example.com,Female,46,Kolkata,2024-02-29,West Bengal
20513,Customer 513,customer513@example.com,Female,60,Bengaluru,2026-06-10,Karnataka
20514,Customer 514,customer514@example.com,Female,37,Mumbai,2026-02-15,Maharashtra
20515,Customer 515,customer515@example.com,Others,61,Mumbai,2025-09-28,Maharashtra
20516,Customer 516,customer516@example.com,Female,35,Kolkata,2026-01-21,West Bengal
20517,Customer 517,customer517@example.com,Female,24,Mumbai,2024-03-08,Maharashtra
20518,Customer 518,customer518@example.com,Male,37,Pune,2024-03-21,Maharashtra
20519,Customer 519,customer519@example.com,Female,24,Chennai,2024-09-27,Tamil Nadu
20520,Customer 520,customer520@example.com,Male,23,Vijayawada,2024-01-22,Andhra Pradesh
20521,Customer 521,customer521@example.com,Female,59,Bengaluru,2026-03-10,Karnataka
20522,Customer 522,customer522@example.com,Female,55,Chennai,2024-02-20,Tamil Nadu
20523,Customer 523,customer523@example.com,Others,28,Chennai,2025-05-04,Tamil Nadu
20524,Customer 524,customer524@example.com,Others,57,Kochi,2026-02-07,Kerala
20525,Customer 525,customer525@example.com,Male,21,Kochi,2025-10-23,Kerala
20526,Customer 526,customer526@example.com,Female,31,Delhi,2024-07-30,Delhi
20527,Customer 527,customer527@example.com,Female,51,Bengaluru,2025-02-27,Karnataka
20528,Customer 528,customer528@example.com,Male,32,Vijayawada,2025-05-08,Andhra Pradesh
20529,Customer 529,customer529@example.com,Male,52,Pune,2025-11-22,Maharashtra
20530,Customer 530,customer530@example.com,Male,59,Visakhapatnam,2025-01-18,Andhra Pradesh
20531,Customer 531,customer531@example.com,Female,21,Mumbai,2024-09-13,Maharashtra
20532,Customer 532,customer532@example.com,Female,19,Kochi,2025-12-16,Kerala
20533,Customer 533,customer533@example.com,Others,62,Visakhapatnam,2026-03-08,Andhra Pradesh
20534,Customer 534,customer534@example.com,Male,42,Chennai,2025-03-16,Tamil Nadu
20535,Customer 535,customer535@example.com,Others,41,Vijayawada,2024-01-26,Andhra Pradesh
20536,Customer 536,customer536@example.com,Male,39,Chennai,2025-03-26,Tamil Nadu
20537,Customer 537,customer537@example.com,Female,38,Mumbai,2026-03-11,Maharashtra
20538,Customer 538,customer538@example.com,Male,50,Chennai,2026-06-09,Tamil Nadu
20539,Customer 539,customer539@example.com,Female,45,Kolkata,2024-12-26,West Bengal
20540,Customer 540,customer540@example.com,Female,25,Chennai,2024-05-15,Tamil Nadu
20541,Customer 541,customer541@example.com,Female,47,Kolkata,2025-05-29,West Bengal
20542,Customer 542,customer542@example.com,Female,49,Delhi,2026-01-17,Delhi
20543,Customer 543,customer543@example.com,Male,23,Vijayawada,2026-04-30,Andhra Pradesh
20544,Customer 544,customer544@example.com,Male,35,Kochi,2024-02-16,Kerala
20545,Customer 545,customer545@example.com,Male,55,Hyderabad,2024-09-18,Telangana
20546,Customer 546,customer546@example.com,Male,47,Kochi,2025-03-05,Kerala
20547,Customer 547,customer547@example.com,Female,24,Bengaluru,2024-03-29,Karnataka
20548,Customer 548,customer548@example.com,Female,19,Delhi,2026-03-08,Delhi
20549,Customer 549,customer549@example.com,Female,45,Mumbai,2024-04-10,Maharashtra
20550,Customer 550,customer550@example.com,Female,39,Kolkata,2025-08-21,West Bengal
20551,Customer 551,customer551@example.com,Female,63,Vijayawada,2026-04-06,Andhra Pradesh
20552,Customer 552,customer552@example.com,Female,42,Visakhapatnam,2025-09-08,Andhra Pradesh
20553,Customer 553,customer553@example.com,Male,61,Pune,2025-11-17,Maharashtra
20554,Customer 554,customer554@example.com,Male,28,Kochi,2024-08-24,Kerala
20555,Customer 555,customer555@example.com,Female,39,Mumbai,2026-01-14,Maharashtra
20556,Customer 556,customer556@example.com,Female,24,Chennai,2025-01-11,Tamil Nadu
20557,Customer 557,customer557@example.com,Male,44,Mumbai,2024-02-25,Maharashtra
20558,Customer 558,customer558@example.com,Female,26,Delhi,2024-11-25,Delhi
20559,Customer 559,customer559@example.com,Female,41,Kolkata,2024-11-10,West Bengal
20560,Customer 560,customer560@example.com,Male,34,Visakhapatnam,2025-04-14,Andhra Pradesh
20561,Customer 561,customer561@example.com,Male,26,Chennai,2024-08-26,Tamil Nadu
20562,Customer 562,customer562@example.com,Female,22,Mumbai,2025-02-20,Maharashtra
20563,Customer 563,customer563@example.com,Female,42,Kochi,2025-01-20,Kerala
20564,Customer 564,customer564@example.com,Male,62,Pune,2024-10-21,Maharashtra
20565,Customer 565,customer565@example.com,Female,27,Chennai,2025-09-18,Tamil Nadu
20566,Customer 566,customer566@example.com,Male,37,Kochi,2024-10-01,Kerala
20567,Customer 567,customer567@example.com,Female,28,Pune,2025-11-20,Maharashtra
20568,Customer 568,customer568@example.com,Male,56,Kochi,2024-08-13,Kerala
20569,Customer 569,customer569@example.com,Female,37,Kochi,2026-02-17,Kerala
20570,Customer 570,customer570@example.com,Male,63,Kochi,2024-11-24,Kerala
20571,Customer 571,customer571@example.com,Male,29,Delhi,2024-02-06,Delhi
20572,Customer 572,customer572@example.com,Female,21,Vijayawada,2024-05-14,Andhra Pradesh
20573,Customer 573,customer573@example.com,Male,45,Kochi,2025-12-26,Kerala
20574,Customer 574,customer574@example.com,Male,48,Chennai,2026-02-23,Tamil Nadu
20575,Customer 575,customer575@example.com,Male,64,Hyderabad,2024-07-09,Telangana
20576,Customer 576,customer576@example.com,Female,58,Mumbai,2025-06-25,Maharashtra
20577,Customer 577,customer577@example.com,Female,59,Kolkata,2025-05-31,West Bengal
20578,Customer 578,customer578@example.com,Others,47,Delhi,2024-04-30,Delhi
20579,Customer 579,customer579@example.com,Male,34,Hyderabad,2025-02-10,Telangana
20580,Customer 580,customer580@example.com,Male,38,Delhi,2025-09-16,Delhi
20581,Customer 581,customer581@example.com,Male,24,Bengaluru,2026-05-20,Karnataka
20582,Customer 582,customer582@example.com,Female,38,Delhi,2026-02-01,Delhi
20583,Customer 583,customer583@example.com,Others,35,Delhi,2024-03-29,Delhi
20584,Customer 584,customer584@example.com,Female,19,Kolkata,2024-08-01,West Bengal
20585,Customer 585,customer585@example.com,Female,27,Pune,2025-01-28,Maharashtra
20586,Customer 586,customer586@example.com,Male,43,Pune,2024-05-15,Maharashtra
20587,Customer 587,customer587@example.com,Female,35,Kolkata,2025-05-28,West Bengal
20588,Customer 588,customer588@example.com,Female,64,Vijayawada,2024-01-08,Andhra Pradesh
20589,Customer 589,customer589@example.com,Male,40,Visakhapatnam,2024-04-12,Andhra Pradesh
20590,Customer 590,customer590@example.com,Male,63,Mumbai,2024-02-12,Maharashtra
20591,Customer 591,customer591@example.com,Male,49,Pune,2024-09-22,Maharashtra
20592,Customer 592,customer592@example.com,Male,19,Mumbai,2025-11-17,Maharashtra
20593,Customer 593,customer593@example.com,Male,27,Delhi,2024-06-08,Delhi
20594,Customer 594,customer594@example.com,Male,51,Bengaluru,2026-06-07,Karnataka
20595,Customer 595,customer595@example.com,Female,43,Pune,2024-08-30,Maharashtra
20596,Customer 596,customer596@example.com,Male,32,Bengaluru,2024-02-10,Karnataka
20597,Customer 597,customer597@example.com,Male,42,Delhi,2024-10-28,Delhi
20598,Customer 598,customer598@example.com,Female,60,Visakhapatnam,2025-11-04,Andhra Pradesh
20599,Customer 599,customer599@example.com,Female,36,Kochi,2024-04-05,Kerala
20600,Customer 600,customer600@example.com,Female,20,Pune,2024-03-05,Maharashtra
20601,Customer 601,customer601@example.com,Male,32,Hyderabad,2026-02-03,Telangana
20602,Customer 602,customer602@example.com,Female,61,Chennai,2025-06-16,Tamil Nadu
20603,Customer 603,customer603@example.com,Male,53,Bengaluru,2024-11-04,Karnataka
20604,Customer 604,customer604@example.com,Male,57,Vijayawada,2025-11-11,Andhra Pradesh
20605,Customer 605,customer605@example.com,Female,60,Kochi,2026-01-29,Kerala
20606,Customer 606,customer606@example.com,Female,23,Delhi,2024-11-19,Delhi
20607,Customer 607,customer607@example.com,Female,31,Bengaluru,2025-05-20,Karnataka
20608,Customer 608,customer608@example.com,Female,20,Hyderabad,2024-01-10,Telangana
20609,Customer 609,customer609@example.com,Female,18,Kochi,2024-10-02,Kerala
20610,Customer 610,customer610@example.com,Male,57,Mumbai,2025-06-19,Maharashtra
20611,Customer 611,customer611@example.com,Male,62,Bengaluru,2024-06-26,Karnataka
20612,Customer 612,customer612@example.com,Male,25,Bengaluru,2026-06-11,Karnataka
20613,Customer 613,customer613@example.com,Male,51,Chennai,2026-05-24,Tamil Nadu
20614,Customer 614,customer614@example.com,Female,43,Kolkata,2024-08-19,West Bengal
20615,Customer 615,customer615@example.com,Male,21,Visakhapatnam,2024-12-22,Andhra Pradesh
20616,Customer 616,customer616@example.com,Female,61,Chennai,2024-06-19,Tamil Nadu
20617,Customer 617,customer617@example.com,Female,58,Kolkata,2025-03-29,West Bengal
20618,Customer 618,customer618@example.com,Female,44,Hyderabad,2024-04-21,Telangana
20619,Customer 619,customer619@example.com,Male,51,Hyderabad,2024-12-17,Telangana
20620,Customer 620,customer620@example.com,Male,36,Hyderabad,2025-05-14,Telangana
20621,Customer 621,customer621@example.com,Others,55,Kochi,2025-07-04,Kerala
20622,Customer 622,customer622@example.com,Female,38,Delhi,2025-06-20,Delhi
20623,Customer 623,customer623@example.com,Female,64,Visakhapatnam,2024-07-18,Andhra Pradesh
20624,Customer 624,customer624@example.com,Female,20,Hyderabad,2025-12-14,Telangana
20625,Customer 625,customer625@example.com,Female,26,Hyderabad,2025-09-14,Telangana
20626,Customer 626,customer626@example.com,Male,63,Visakhapatnam,2025-11-08,Andhra Pradesh
20627,Customer 627,customer627@example.com,Female,31,Bengaluru,2025-02-25,Karnataka
20628,Customer 628,customer628@example.com,Male,32,Bengaluru,2026-03-14,Karnataka
20629,Customer 629,customer629@example.com,Female,55,Delhi,2024-12-16,Delhi
20630,Customer 630,customer630@example.com,Female,26,Kolkata,2025-12-26,West Bengal
20631,Customer 631,customer631@example.com,Female,42,Chennai,2024-07-02,Tamil Nadu
20632,Customer 632,customer632@example.com,Male,31,Pune,2024-08-10,Maharashtra
20633,Customer 633,customer633@example.com,Male,27,Kolkata,2025-04-19,West Bengal
20634,Customer 634,customer634@example.com,Female,63,Pune,2025-05-15,Maharashtra
20635,Customer 635,customer635@example.com,Male,27,Mumbai,2025-11-02,Maharashtra
20636,Customer 636,customer636@example.com,Male,22,Hyderabad,2024-09-24,Telangana
20637,Customer 637,customer637@example.com,Male,49,Pune,2026-02-24,Maharashtra
20638,Customer 638,customer638@example.com,Male,58,Visakhapatnam,2024-10-23,Andhra Pradesh
20639,Customer 639,customer639@example.com,Male,23,Kolkata,2025-04-25,West Bengal
20640,Customer 640,customer640@example.com,Female,51,Visakhapatnam,2026-04-18,Andhra Pradesh
20641,Customer 641,customer641@example.com,Male,43,Bengaluru,2025-04-30,Karnataka
20642,Customer 642,customer642@example.com,Male,57,Hyderabad,2025-09-05,Telangana
20643,Customer 643,customer643@example.com,Male,23,Delhi,2026-03-28,Delhi
20644,Customer 644,customer644@example.com,Male,63,Bengaluru,2026-05-27,Karnataka
20645,Customer 645,customer645@example.com,Male,47,Delhi,2025-03-25,Delhi
20646,Customer 646,customer646@example.com,Female,57,Kochi,2025-01-10,Kerala
20647,Customer 647,customer647@example.com,Male,35,Mumbai,2024-06-26,Maharashtra
20648,Customer 648,customer648@example.com,Male,62,Delhi,2025-04-28,Delhi
20649,Customer 649,customer649@example.com,Male,47,Kolkata,2026-04-06,West Bengal
20650,Customer 650,customer650@example.com,Male,23,Bengaluru,2025-03-14,Karnataka
20651,Customer 651,customer651@example.com,Male,61,Visakhapatnam,2024-11-09,Andhra Pradesh
20652,Customer 652,customer652@example.com,Male,55,Chennai,2024-04-06,Tamil Nadu
20653,Customer 653,customer653@example.com,Female,32,Visakhapatnam,2024-12-16,Andhra Pradesh
20654,Customer 654,customer654@example.com,Male,43,Kolkata,2024-08-01,West Bengal
20655,Customer 655,customer655@example.com,Female,36,Bengaluru,2026-05-29,Karnataka
20656,Customer 656,customer656@example.com,Female,43,Vijayawada,2025-04-19,Andhra Pradesh
20657,Customer 657,customer657@example.com,Male,63,Bengaluru,2024-05-03,Karnataka
20658,Customer 658,customer658@example.com,Male,60,Delhi,2024-03-01,Delhi
20659,Customer 659,customer659@example.com,Female,28,Kochi,2026-02-04,Kerala
20660,Customer 660,customer660@example.com,Female,63,Kochi,2026-04-18,Kerala
20661,Customer 661,customer661@example.com,Male,38,Visakhapatnam,2025-11-17,Andhra Pradesh
20662,Customer 662,customer662@example.com,Male,51,Pune,2024-04-21,Maharashtra
20663,Customer 663,customer663@example.com,Male,53,Delhi,2024-03-29,Delhi
20664,Customer 664,customer664@example.com,Male,40,Mumbai,2024-06-27,Maharashtra
20665,Customer 665,customer665@example.com,Female,39,Kochi,2025-11-07,Kerala
20666,Customer 666,customer666@example.com,Male,39,Pune,2025-11-19,Maharashtra
20667,Customer 667,customer667@example.com,Male,58,Vijayawada,2026-01-24,Andhra Pradesh
20668,Customer 668,customer668@example.com,Female,36,Mumbai,2024-03-28,Maharashtra
20669,Customer 669,customer669@example.com,Male,31,Vijayawada,2024-05-17,Andhra Pradesh
20670,Customer 670,customer670@example.com,Male,34,Chennai,2026-03-21,Tamil Nadu
20671,Customer 671,customer671@example.com,Female,27,Vijayawada,2026-04-15,Andhra Pradesh
20672,Customer 672,customer672@example.com,Male,36,Hyderabad,2025-10-15,Telangana
20673,Customer 673,customer673@example.com,Male,23,Bengaluru,2024-04-05,Karnataka
20674,Customer 674,customer674@example.com,Male,22,Mumbai,2024-03-02,Maharashtra
20675,Customer 675,customer675@example.com,Female,52,Pune,2024-02-20,Maharashtra
20676,Customer 676,customer676@example.com,Male,21,Vijayawada,2025-09-14,Andhra Pradesh
20677,Customer 677,customer677@example.com,Male,44,Mumbai,2026-01-31,Maharashtra
20678,Customer 678,customer678@example.com,Male,54,Hyderabad,2025-07-22,Telangana
20679,Customer 679,customer679@example.com,Male,52,Mumbai,2024-08-23,Maharashtra
20680,Customer 680,customer680@example.com,Female,38,Pune,2025-11-12,Maharashtra
20681,Customer 681,customer681@example.com,Male,27,Delhi,2024-02-23,Delhi
20682,Customer 682,customer682@example.com,Female,61,Kolkata,2026-01-15,West Bengal
20683,Customer 683,customer683@example.com,Female,57,Chennai,2026-03-13,Tamil Nadu
20684,Customer 684,customer684@example.com,Female,46,Kolkata,2025-10-08,West Bengal
20685,Customer 685,customer685@example.com,Male,22,Kolkata,2026-03-02,West Bengal
20686,Customer 686,customer686@example.com,Female,19,Vijayawada,2025-06-11,Andhra Pradesh
20687,Customer 687,customer687@example.com,Female,32,Delhi,2025-02-25,Delhi
20688,Customer 688,customer688@example.com,Male,25,Visakhapatnam,2024-10-17,Andhra Pradesh
20689,Customer 689,customer689@example.com,Female,58,Chennai,2026-04-09,Tamil Nadu
20690,Customer 690,customer690@example.com,Female,27,Vijayawada,2025-09-19,Andhra Pradesh
20691,Customer 691,customer691@example.com,Male,31,Hyderabad,2024-06-20,Telangana
20692,Customer 692,customer692@example.com,Female,63,Bengaluru,2026-05-11,Karnataka
20693,Customer 693,customer693@example.com,Male,56,Visakhapatnam,2024-02-23,Andhra Pradesh
20694,Customer 694,customer694@example.com,Female,28,Pune,2025-06-12,Maharashtra
20695,Customer 695,customer695@example.com,Others,36,Kolkata,2024-06-20,West Bengal
20696,Customer 696,customer696@example.com,Male,42,Kolkata,2025-08-20,West Bengal
20697,Customer 697,customer697@example.com,Female,49,Kolkata,2025-01-06,West Bengal
20698,Customer 698,customer698@example.com,Male,62,Chennai,2025-01-28,Tamil Nadu
20699,Customer 699,customer699@example.com,Female,58,Bengaluru,2025-08-27,Karnataka
20700,Customer 700,customer700@example.com,Female,63,Hyderabad,2025-11-11,Telangana
20701,Customer 701,customer701@example.com,Male,19,Visakhapatnam,2024-12-08,Andhra Pradesh
20702,Customer 702,customer702@example.com,Male,29,Chennai,2026-06-16,Tamil Nadu
20703,Customer 703,customer703@example.com,Male,44,Delhi,2025-03-24,Delhi
20704,Customer 704,customer704@example.com,Male,20,Pune,2024-05-24,Maharashtra
20705,Customer 705,customer705@example.com,Male,34,Bengaluru,2024-01-06,Karnataka
20706,Customer 706,customer706@example.com,Male,25,Pune,2024-07-01,Maharashtra
20707,Customer 707,customer707@example.com,Male,61,Hyderabad,2025-09-13,Telangana
20708,Customer 708,customer708@example.com,Male,20,Bengaluru,2025-04-30,Karnataka
20709,Customer 709,customer709@example.com,Female,24,Bengaluru,2024-10-31,Karnataka
20710,Customer 710,customer710@example.com,Female,27,Visakhapatnam,2025-03-09,Andhra Pradesh
20711,Customer 711,customer711@example.com,Female,24,Delhi,2026-01-24,Delhi
20712,Customer 712,customer712@example.com,Male,44,Kochi,2025-05-29,Kerala
20713,Customer 713,customer713@example.com,Female,35,Pune,2024-02-22,Maharashtra
20714,Customer 714,customer714@example.com,Female,60,Chennai,2024-02-14,Tamil Nadu
20715,Customer 715,customer715@example.com,Male,30,Kolkata,2025-03-09,West Bengal
20716,Customer 716,customer716@example.com,Male,43,Kochi,2024-12-29,Kerala
20717,Customer 717,customer717@example.com,Female,49,Delhi,2026-02-04,Delhi
20718,Customer 718,customer718@example.com,Male,47,Hyderabad,2025-06-08,Telangana
20719,Customer 719,customer719@example.com,Female,55,Mumbai,2025-11-12,Maharashtra
20720,Customer 720,customer720@example.com,Others,27,Kochi,2025-06-10,Kerala
20721,Customer 721,customer721@example.com,Male,41,Delhi,2024-11-06,Delhi
20722,Customer 722,customer722@example.com,Male,55,Kochi,2025-08-14,Kerala
20723,Customer 723,customer723@example.com,Others,58,Delhi,2025-07-13,Delhi
20724,Customer 724,customer724@example.com,Female,47,Hyderabad,2025-10-10,Telangana
20725,Customer 725,customer725@example.com,Male,48,Visakhapatnam,2024-06-19,Andhra Pradesh
20726,Customer 726,customer726@example.com,Female,58,Vijayawada,2025-07-31,Andhra Pradesh
20727,Customer 727,customer727@example.com,Female,47,Vijayawada,2024-09-13,Andhra Pradesh
20728,Customer 728,customer728@example.com,Female,62,Kochi,2025-12-12,Kerala
20729,Customer 729,customer729@example.com,Female,23,Bengaluru,2025-12-19,Karnataka
20730,Customer 730,customer730@example.com,Male,34,Kochi,2025-07-16,Kerala
20731,Customer 731,customer731@example.com,Male,23,Chennai,2026-05-02,Tamil Nadu
20732,Customer 732,customer732@example.com,Female,22,Kochi,2025-04-28,Kerala
20733,Customer 733,customer733@example.com,Male,40,Bengaluru,2024-01-23,Karnataka
20734,Customer 734,customer734@example.com,Female,28,Delhi,2025-06-29,Delhi
20735,Customer 735,customer735@example.com,Female,37,Vijayawada,2025-11-30,Andhra Pradesh
20736,Customer 736,customer736@example.com,Male,38,Hyderabad,2024-04-01,Telangana
20737,Customer 737,customer737@example.com,Female,47,Hyderabad,2024-04-04,Telangana
20738,Customer 738,customer738@example.com,Male,62,Visakhapatnam,2024-09-02,Andhra Pradesh
20739,Customer 739,customer739@example.com,Female,57,Hyderabad,2026-01-29,Telangana
20740,Customer 740,customer740@example.com,Male,35,Kolkata,2025-04-19,West Bengal
20741,Customer 741,customer741@example.com,Female,33,Kochi,2026-05-28,Kerala
20742,Customer 742,customer742@example.com,Female,54,Kolkata,2026-02-24,West Bengal
20743,Customer 743,customer743@example.com,Male,23,Pune,2025-05-14,Maharashtra
20744,Customer 744,customer744@example.com,Female,43,Pune,2025-09-03,Maharashtra
20745,Customer 745,customer745@example.com,Female,37,Kolkata,2024-10-24,West Bengal
20746,Customer 746,customer746@example.com,Female,26,Delhi,2024-03-22,Delhi
20747,Customer 747,customer747@example.com,Female,46,Delhi,2024-12-24,Delhi
20748,Customer 748,customer748@example.com,Others,33,Bengaluru,2025-06-17,Karnataka
20749,Customer 749,customer749@example.com,Male,26,Kolkata,2024-06-12,West Bengal
20750,Customer 750,customer750@example.com,Female,48,Vijayawada,2024-07-18,Andhra Pradesh
20751,Customer 751,customer751@example.com,Male,26,Vijayawada,2024-01-14,Andhra Pradesh
20752,Customer 752,customer752@example.com,Female,49,Hyderabad,2025-10-22,Telangana
20753,Customer 753,customer753@example.com,Female,25,Vijayawada,2026-03-20,Andhra Pradesh
20754,Customer 754,customer754@example.com,Male,38,Vijayawada,2026-01-14,Andhra Pradesh
20755,Customer 755,customer755@example.com,Male,55,Bengaluru,2024-12-07,Karnataka
20756,Customer 756,customer756@example.com,Female,28,Visakhapatnam,2025-06-18,Andhra Pradesh
20757,Customer 757,customer757@example.com,Male,54,Delhi,2026-05-14,Delhi
20758,Customer 758,customer758@example.com,Female,51,Pune,2025-06-16,Maharashtra
20759,Customer 759,customer759@example.com,Male,60,Vijayawada,2024-09-23,Andhra Pradesh
20760,Customer 760,customer760@example.com,Others,25,Delhi,2024-10-31,Delhi
20761,Customer 761,customer761@example.com,Male,51,Delhi,2025-10-16,Delhi
20762,Customer 762,customer762@example.com,Male,62,Mumbai,2025-02-05,Maharashtra
20763,Customer 763,customer763@example.com,Female,53,Kochi,2026-01-23,Kerala
20764,Customer 764,customer764@example.com,Female,26,Kochi,2026-02-16,Kerala
20765,Customer 765,customer765@example.com,Male,56,Bengaluru,2024-02-02,Karnataka
20766,Customer 766,customer766@example.com,Male,23,Vijayawada,2025-10-12,Andhra Pradesh
20767,Customer 767,customer767@example.com,Female,45,Hyderabad,2024-11-28,Telangana
20768,Customer 768,customer768@example.com,Female,41,Mumbai,2025-04-12,Maharashtra
20769,Customer 769,customer769@example.com,Male,42,Kochi,2024-08-26,Kerala
20770,Customer 770,customer770@example.com,Female,42,Bengaluru,2024-11-27,Karnataka
20771,Customer 771,customer771@example.com,Female,19,Mumbai,2024-10-24,Maharashtra
20772,Customer 772,customer772@example.com,Female,41,Chennai,2024-02-15,Tamil Nadu
20773,Customer 773,customer773@example.com,Female,62,Vijayawada,2025-12-05,Andhra Pradesh
20774,Customer 774,customer774@example.com,Female,38,Pune,2024-05-08,Maharashtra
20775,Customer 775,customer775@example.com,Male,31,Delhi,2024-12-04,Delhi
20776,Customer 776,customer776@example.com,Female,64,Kochi,2024-06-22,Kerala
20777,Customer 777,customer777@example.com,Female,22,Delhi,2024-05-24,Delhi
20778,Customer 778,customer778@example.com,Female,40,Vijayawada,2024-12-02,Andhra Pradesh
20779,Customer 779,customer779@example.com,Male,42,Hyderabad,2026-04-06,Telangana
20780,Customer 780,customer780@example.com,Male,40,Chennai,2026-04-29,Tamil Nadu
20781,Customer 781,customer781@example.com,Female,61,Kochi,2024-12-09,Kerala
20782,Customer 782,customer782@example.com,Male,37,Visakhapatnam,2025-03-30,Andhra Pradesh
20783,Customer 783,customer783@example.com,Others,63,Kolkata,2026-06-06,West Bengal
20784,Customer 784,customer784@example.com,Male,21,Mumbai,2024-07-30,Maharashtra
20785,Customer 785,customer785@example.com,Female,52,Bengaluru,2026-04-30,Karnataka
20786,Customer 786,customer786@example.com,Female,45,Visakhapatnam,2024-04-05,Andhra Pradesh
20787,Customer 787,customer787@example.com,Male,29,Vijayawada,2024-07-22,Andhra Pradesh
20788,Customer 788,customer788@example.com,Male,28,Chennai,2024-10-31,Tamil Nadu
20789,Customer 789,customer789@example.com,Female,51,Delhi,2024-02-03,Delhi
20790,Customer 790,customer790@example.com,Female,47,Kolkata,2026-01-04,West Bengal
20791,Customer 791,customer791@example.com,Male,46,Pune,2026-02-08,Maharashtra
20792,Customer 792,customer792@example.com,Female,20,Kochi,2024-12-11,Kerala
20793,Customer 793,customer793@example.com,Female,46,Bengaluru,2026-01-22,Karnataka
20794,Customer 794,customer794@example.com,Male,64,Chennai,2025-11-26,Tamil Nadu
20795,Customer 795,customer795@example.com,Male,18,Hyderabad,2025-12-22,Telangana
20796,Customer 796,customer796@example.com,Male,40,Kolkata,2025-12-23,West Bengal
20797,Customer 797,customer797@example.com,Male,41,Kolkata,2025-05-31,West Bengal
20798,Customer 798,customer798@example.com,Male,60,Kochi,2024-04-09,Kerala
20799,Customer 799,customer799@example.com,Male,31,Delhi,2026-04-11,Delhi
20800,Customer 800,customer800@example.com,Female,40,Bengaluru,2025-07-01,Karnataka
20801,Customer 801,customer801@example.com,Male,51,Pune,2026-03-22,Maharashtra
20802,Customer 802,customer802@example.com,Female,20,Hyderabad,2026-05-13,Telangana
20803,Customer 803,customer803@example.com,Male,55,Kolkata,2024-06-17,West Bengal
20804,Customer 804,customer804@example.com,Male,56,Kolkata,2024-12-27,West Bengal
20805,Customer 805,customer805@example.com,Female,51,Visakhapatnam,2024-06-22,Andhra Pradesh
20806,Customer 806,customer806@example.com,Female,48,Mumbai,2024-02-15,Maharashtra
20807,Customer 807,customer807@example.com,Male,53,Mumbai,2026-05-19,Maharashtra
20808,Customer 808,customer808@example.com,Male,54,Hyderabad,2026-04-10,Telangana
20809,Customer 809,customer809@example.com,Male,60,Pune,2026-04-18,Maharashtra
20810,Customer 810,customer810@example.com,Female,38,Pune,2026-03-06,Maharashtra
20811,Customer 811,customer811@example.com,Male,39,Vijayawada,2025-08-06,Andhra Pradesh
20812,Customer 812,customer812@example.com,Male,47,Vijayawada,2025-04-14,Andhra Pradesh
20813,Customer 813,customer813@example.com,Male,27,Bengaluru,2026-06-11,Karnataka
20814,Customer 814,customer814@example.com,Female,58,Chennai,2025-05-12,Tamil Nadu
20815,Customer 815,customer815@example.com,Female,54,Delhi,2025-08-01,Delhi
20816,Customer 816,customer816@example.com,Female,47,Mumbai,2024-07-09,Maharashtra
20817,Customer 817,customer817@example.com,Female,32,Hyderabad,2025-11-03,Telangana
20818,Customer 818,customer818@example.com,Male,34,Visakhapatnam,2026-01-07,Andhra Pradesh
20819,Customer 819,customer819@example.com,Male,38,Vijayawada,2025-09-02,Andhra Pradesh
20820,Customer 820,customer820@example.com,Male,49,Delhi,2025-03-24,Delhi
20821,Customer 821,customer821@example.com,Female,54,Mumbai,2024-06-27,Maharashtra
20822,Customer 822,customer822@example.com,Female,49,Visakhapatnam,2024-01-31,Andhra Pradesh
20823,Customer 823,customer823@example.com,Female,61,Hyderabad,2025-07-18,Telangana
20824,Customer 824,customer824@example.com,Others,63,Pune,2025-09-06,Maharashtra
20825,Customer 825,customer825@example.com,Others,51,Visakhapatnam,2025-11-26,Andhra Pradesh
20826,Customer 826,customer826@example.com,Female,35,Kochi,2026-05-05,Kerala
20827,Customer 827,customer827@example.com,Male,46,Chennai,2025-03-23,Tamil Nadu
20828,Customer 828,customer828@example.com,Male,37,Kolkata,2026-01-16,West Bengal
20829,Customer 829,customer829@example.com,Male,47,Bengaluru,2025-10-06,Karnataka
20830,Customer 830,customer830@example.com,Female,56,Bengaluru,2024-09-06,Karnataka
20831,Customer 831,customer831@example.com,Male,35,Mumbai,2026-01-30,Maharashtra
20832,Customer 832,customer832@example.com,Female,41,Visakhapatnam,2024-02-17,Andhra Pradesh
20833,Customer 833,customer833@example.com,Female,20,Kolkata,2025-06-23,West Bengal
20834,Customer 834,customer834@example.com,Female,52,Pune,2026-04-26,Maharashtra
20835,Customer 835,customer835@example.com,Male,41,Chennai,2025-08-16,Tamil Nadu
20836,Customer 836,customer836@example.com,Male,39,Bengaluru,2026-04-23,Karnataka
20837,Customer 837,customer837@example.com,Male,43,Chennai,2024-02-20,Tamil Nadu
20838,Customer 838,customer838@example.com,Female,28,Bengaluru,2025-04-24,Karnataka
20839,Customer 839,customer839@example.com,Female,46,Bengaluru,2025-12-03,Karnataka
20840,Customer 840,customer840@example.com,Female,53,Kolkata,2025-08-01,West Bengal
20841,Customer 841,customer841@example.com,Male,34,Bengaluru,2026-03-03,Karnataka
20842,Customer 842,customer842@example.com,Male,24,Hyderabad,2025-02-20,Telangana
20843,Customer 843,customer843@example.com,Male,36,Delhi,2025-09-06,Delhi
20844,Customer 844,customer844@example.com,Female,27,Chennai,2025-01-12,Tamil Nadu
20845,Customer 845,customer845@example.com,Female,35,Pune,2026-02-23,Maharashtra
20846,Customer 846,customer846@example.com,Male,47,Bengaluru,2024-04-17,Karnataka
20847,Customer 847,customer847@example.com,Female,23,Chennai,2024-08-16,Tamil Nadu
20848,Customer 848,customer848@example.com,Male,53,Pune,2024-03-28,Maharashtra
20849,Customer 849,customer849@example.com,Female,28,Kolkata,2025-09-23,West Bengal
20850,Customer 850,customer850@example.com,Male,60,Pune,2024-07-28,Maharashtra
20851,Customer 851,customer851@example.com,Male,52,Delhi,2024-10-12,Delhi
20852,Customer 852,customer852@example.com,Female,30,Delhi,2026-01-22,Delhi
20853,Customer 853,customer853@example.com,Male,44,Chennai,2024-11-20,Tamil Nadu
20854,Customer 854,customer854@example.com,Male,23,Chennai,2024-05-11,Tamil Nadu
20855,Customer 855,customer855@example.com,Male,22,Pune,2024-01-19,Maharashtra
20856,Customer 856,customer856@example.com,Male,62,Hyderabad,2024-07-23,Telangana
20857,Customer 857,customer857@example.com,Female,55,Kolkata,2026-04-03,West Bengal
20858,Customer 858,customer858@example.com,Female,25,Kolkata,2025-05-08,West Bengal
20859,Customer 859,customer859@example.com,Female,31,Mumbai,2026-06-14,Maharashtra
20860,Customer 860,customer860@example.com,Male,27,Mumbai,2024-07-12,Maharashtra
20861,Customer 861,customer861@example.com,Female,36,Mumbai,2024-11-12,Maharashtra
20862,Customer 862,customer862@example.com,Male,31,Kolkata,2024-05-26,West Bengal
20863,Customer 863,customer863@example.com,Male,33,Vijayawada,2024-12-24,Andhra Pradesh
20864,Customer 864,customer864@example.com,Male,42,Bengaluru,2025-05-21,Karnataka
20865,Customer 865,customer865@example.com,Female,26,Pune,2025-12-28,Maharashtra
20866,Customer 866,customer866@example.com,Female,59,Hyderabad,2024-11-27,Telangana
20867,Customer 867,customer867@example.com,Female,52,Pune,2025-11-25,Maharashtra
20868,Customer 868,customer868@example.com,Female,53,Chennai,2025-07-17,Tamil Nadu
20869,Customer 869,customer869@example.com,Female,25,Mumbai,2024-09-19,Maharashtra
20870,Customer 870,customer870@example.com,Female,51,Pune,2026-03-31,Maharashtra
20871,Customer 871,customer871@example.com,Female,57,Mumbai,2025-01-25,Maharashtra
20872,Customer 872,customer872@example.com,Male,26,Mumbai,2024-05-15,Maharashtra
20873,Customer 873,customer873@example.com,Male,53,Vijayawada,2026-05-16,Andhra Pradesh
20874,Customer 874,customer874@example.com,Male,34,Visakhapatnam,2026-04-02,Andhra Pradesh
20875,Customer 875,customer875@example.com,Female,55,Hyderabad,2024-02-14,Telangana
20876,Customer 876,customer876@example.com,Female,40,Mumbai,2026-03-23,Maharashtra
20877,Customer 877,customer877@example.com,Female,55,Visakhapatnam,2026-05-02,Andhra Pradesh
20878,Customer 878,customer878@example.com,Male,24,Delhi,2026-01-16,Delhi
20879,Customer 879,customer879@example.com,Female,36,Chennai,2024-08-17,Tamil Nadu
20880,Customer 880,customer880@example.com,Male,30,Delhi,2025-07-22,Delhi
20881,Customer 881,customer881@example.com,Male,29,Bengaluru,2025-04-29,Karnataka
20882,Customer 882,customer882@example.com,Male,32,Hyderabad,2025-07-12,Telangana
20883,Customer 883,customer883@example.com,Male,35,Kolkata,2025-07-08,West Bengal
20884,Customer 884,customer884@example.com,Female,23,Delhi,2025-07-29,Delhi
20885,Customer 885,customer885@example.com,Male,51,Vijayawada,2025-04-07,Andhra Pradesh
20886,Customer 886,customer886@example.com,Female,43,Mumbai,2025-09-13,Maharashtra
20887,Customer 887,customer887@example.com,Male,56,Visakhapatnam,2025-04-18,Andhra Pradesh
20888,Customer 888,customer888@example.com,Male,51,Pune,2024-01-15,Maharashtra
20889,Customer 889,customer889@example.com,Female,25,Vijayawada,2024-02-01,Andhra Pradesh
20890,Customer 890,customer890@example.com,Male,21,Bengaluru,2026-05-12,Karnataka
20891,Customer 891,customer891@example.com,Others,37,Hyderabad,2026-03-29,Telangana
20892,Customer 892,customer892@example.com,Female,40,Vijayawada,2025-06-11,Andhra Pradesh
20893,Customer 893,customer893@example.com,Female,29,Visakhapatnam,2024-06-06,Andhra Pradesh
20894,Customer 894,customer894@example.com,Male,54,Kochi,2025-12-04,Kerala
20895,Customer 895,customer895@example.com,Male,45,Mumbai,2024-05-08,Maharashtra
20896,Customer 896,customer896@example.com,Female,53,Hyderabad,2024-12-05,Telangana
20897,Customer 897,customer897@example.com,Male,23,Kochi,2024-10-23,Kerala
20898,Customer 898,customer898@example.com,Male,56,Kolkata,2024-01-12,West Bengal
20899,Customer 899,customer899@example.com,Male,27,Chennai,2025-12-27,Tamil Nadu
20900,Customer 900,customer900@example.com,Female,39,Vijayawada,2025-04-03,Andhra Pradesh
20901,Customer 901,customer901@example.com,Female,38,Kochi,2024-10-11,Kerala
20902,Customer 902,customer902@example.com,Female,56,Chennai,2025-04-01,Tamil Nadu
20903,Customer 903,customer903@example.com,Female,31,Vijayawada,2024-01-01,Andhra Pradesh
20904,Customer 904,customer904@example.com,Male,29,Vijayawada,2025-01-28,Andhra Pradesh
20905,Customer 905,customer905@example.com,Female,33,Delhi,2025-04-12,Delhi
20906,Customer 906,customer906@example.com,Male,34,Kolkata,2024-11-01,West Bengal
20907,Customer 907,customer907@example.com,Female,26,Chennai,2026-01-17,Tamil Nadu
20908,Customer 908,customer908@example.com,Male,26,Kochi,2024-08-12,Kerala
20909,Customer 909,customer909@example.com,Others,28,Kochi,2024-05-04,Kerala
20910,Customer 910,customer910@example.com,Male,39,Kochi,2025-04-19,Kerala
20911,Customer 911,customer911@example.com,Male,34,Vijayawada,2026-03-09,Andhra Pradesh
20912,Customer 912,customer912@example.com,Male,36,Hyderabad,2024-12-03,Telangana
20913,Customer 913,customer913@example.com,Male,51,Mumbai,2024-02-11,Maharashtra
20914,Customer 914,customer914@example.com,Male,29,Pune,2026-05-22,Maharashtra
20915,Customer 915,customer915@example.com,Female,60,Kochi,2025-02-03,Kerala
20916,Customer 916,customer916@example.com,Male,53,Delhi,2024-06-04,Delhi
20917,Customer 917,customer917@example.com,Female,26,Delhi,2025-07-08,Delhi
20918,Customer 918,customer918@example.com,Male,32,Bengaluru,2024-10-14,Karnataka
20919,Customer 919,customer919@example.com,Female,26,Vijayawada,2026-04-24,Andhra Pradesh
20920,Customer 920,customer920@example.com,Male,30,Mumbai,2024-09-21,Maharashtra
20921,Customer 921,customer921@example.com,Female,35,Hyderabad,2025-05-10,Telangana
20922,Customer 922,customer922@example.com,Female,24,Kochi,2025-05-03,Kerala
20923,Customer 923,customer923@example.com,Male,18,Bengaluru,2024-08-06,Karnataka
20924,Customer 924,customer924@example.com,Female,38,Hyderabad,2025-03-25,Telangana
20925,Customer 925,customer925@example.com,Male,50,Hyderabad,2024-04-08,Telangana
20926,Customer 926,customer926@example.com,Male,32,Pune,2025-08-02,Maharashtra
20927,Customer 927,customer927@example.com,Female,58,Bengaluru,2025-11-13,Karnataka
20928,Customer 928,customer928@example.com,Female,35,Visakhapatnam,2026-05-05,Andhra Pradesh
20929,Customer 929,customer929@example.com,Male,60,Delhi,2024-10-20,Delhi
20930,Customer 930,customer930@example.com,Male,29,Mumbai,2024-09-13,Maharashtra
20931,Customer 931,customer931@example.com,Female,43,Hyderabad,2025-05-08,Telangana
20932,Customer 932,customer932@example.com,Female,53,Pune,2025-09-15,Maharashtra
20933,Customer 933,customer933@example.com,Others,20,Bengaluru,2026-06-12,Karnataka
20934,Customer 934,customer934@example.com,Female,61,Kochi,2024-01-23,Kerala
20935,Customer 935,customer935@example.com,Female,35,Chennai,2024-08-02,Tamil Nadu
20936,Customer 936,customer936@example.com,Male,41,Pune,2024-08-24,Maharashtra
20937,Customer 937,customer937@example.com,Female,47,Hyderabad,2024-08-17,Telangana
20938,Customer 938,customer938@example.com,Male,48,Bengaluru,2025-02-21,Karnataka
20939,Customer 939,customer939@example.com,Female,19,Chennai,2026-02-24,Tamil Nadu
20940,Customer 940,customer940@example.com,Male,58,Hyderabad,2024-01-28,Telangana
20941,Customer 941,customer941@example.com,Female,47,Vijayawada,2026-01-04,Andhra Pradesh
20942,Customer 942,customer942@example.com,Female,64,Kochi,2025-07-09,Kerala
20943,Customer 943,customer943@example.com,Female,40,Kochi,2025-07-07,Kerala
20944,Customer 944,customer944@example.com,Female,46,Chennai,2025-09-02,Tamil Nadu
20945,Customer 945,customer945@example.com,Male,38,Vijayawada,2024-04-13,Andhra Pradesh
20946,Customer 946,customer946@example.com,Female,59,Delhi,2025-11-03,Delhi
20947,Customer 947,customer947@example.com,Male,57,Hyderabad,2024-08-11,Telangana
20948,Customer 948,customer948@example.com,Male,60,Hyderabad,2025-04-09,Telangana
20949,Customer 949,customer949@example.com,Male,41,Delhi,2025-09-01,Delhi
20950,Customer 950,customer950@example.com,Male,55,Pune,2025-06-27,Maharashtra
20951,Customer 951,customer951@example.com,Male,34,Hyderabad,2024-10-17,Telangana
20952,Customer 952,customer952@example.com,Female,39,Kochi,2024-12-22,Kerala
20953,Customer 953,customer953@example.com,Female,53,Vijayawada,2025-03-04,Andhra Pradesh
20954,Customer 954,customer954@example.com,Female,21,Delhi,2024-02-07,Delhi
20955,Customer 955,customer955@example.com,Male,51,Kochi,2025-10-15,Kerala
20956,Customer 956,customer956@example.com,Male,18,Kochi,2024-03-30,Kerala
20957,Customer 957,customer957@example.com,Male,45,Kochi,2025-02-16,Kerala
20958,Customer 958,customer958@example.com,Female,40,Chennai,2025-08-12,Tamil Nadu
20959,Customer 959,customer959@example.com,Female,40,Visakhapatnam,2024-03-13,Andhra Pradesh
20960,Customer 960,customer960@example.com,Male,41,Delhi,2026-06-14,Delhi
20961,Customer 961,customer961@example.com,Female,41,Vijayawada,2024-12-05,Andhra Pradesh
20962,Customer 962,customer962@example.com,Male,37,Visakhapatnam,2024-01-15,Andhra Pradesh
20963,Customer 963,customer963@example.com,Male,39,Bengaluru,2025-08-15,Karnataka
20964,Customer 964,customer964@example.com,Male,44,Pune,2025-05-16,Maharashtra
20965,Customer 965,customer965@example.com,Male,53,Bengaluru,2025-07-30,Karnataka
20966,Customer 966,customer966@example.com,Female,43,Chennai,2025-11-06,Tamil Nadu
20967,Customer 967,customer967@example.com,Female,48,Pune,2025-03-04,Maharashtra
20968,Customer 968,customer968@example.com,Male,57,Visakhapatnam,2026-01-14,Andhra Pradesh
20969,Customer 969,customer969@example.com,Female,64,Visakhapatnam,2024-11-29,Andhra Pradesh
20970,Customer 970,customer970@example.com,Female,23,Mumbai,2025-05-05,Maharashtra
20971,Customer 971,customer971@example.com,Female,51,Mumbai,2024-05-22,Maharashtra
20972,Customer 972,customer972@example.com,Female,28,Delhi,2025-07-11,Delhi
20973,Customer 973,customer973@example.com,Male,27,Kochi,2024-08-23,Kerala
20974,Customer 974,customer974@example.com,Female,55,Kochi,2025-09-19,Kerala
20975,Customer 975,customer975@example.com,Male,21,Chennai,2025-12-21,Tamil Nadu
20976,Customer 976,customer976@example.com,Others,57,Bengaluru,2026-02-12,Karnataka
20977,Customer 977,customer977@example.com,Male,54,Vijayawada,2026-04-16,Andhra Pradesh
20978,Customer 978,customer978@example.com,Female,64,Mumbai,2024-04-20,Maharashtra
20979,Customer 979,customer979@example.com,Male,49,Bengaluru,2024-05-04,Karnataka
20980,Customer 980,customer980@example.com,Male,59,Hyderabad,2026-04-13,Telangana
20981,Customer 981,customer981@example.com,Female,23,Pune,2024-12-08,Maharashtra
20982,Customer 982,customer982@example.com,Female,59,Mumbai,2024-01-24,Maharashtra
20983,Customer 983,customer983@example.com,Male,25,Delhi,2024-09-15,Delhi
20984,Customer 984,customer984@example.com,Female,32,Chennai,2026-01-22,Tamil Nadu
20985,Customer 985,customer985@example.com,Female,24,Vijayawada,2024-11-15,Andhra Pradesh
20986,Customer 986,customer986@example.com,Male,36,Kolkata,2024-03-10,West Bengal
20987,Customer 987,customer987@example.com,Female,53,Pune,2025-10-11,Maharashtra
20988,Customer 988,customer988@example.com,Female,30,Bengaluru,2024-06-24,Karnataka
20989,Customer 989,customer989@example.com,Female,56,Delhi,2024-11-13,Delhi
20990,Customer 990,customer990@example.com,Male,46,Kolkata,2024-01-04,West Bengal
20991,Customer 991,customer991@example.com,Male,47,Mumbai,2025-06-25,Maharashtra
20992,Customer 992,customer992@example.com,Female,62,Chennai,2025-02-04,Tamil Nadu
20993,Customer 993,customer993@example.com,Female,38,Delhi,2026-02-19,Delhi
20994,Customer 994,customer994@example.com,Female,34,Mumbai,2024-10-27,Maharashtra
20995,Customer 995,customer995@example.com,Others,64,Pune,2024-07-03,Maharashtra
20996,Customer 996,customer996@example.com,Female,44,Mumbai,2024-05-29,Maharashtra
20997,Customer 997,customer997@example.com,Female,46,Mumbai,2024-06-29,Maharashtra
20998,Customer 998,customer998@example.com,Female,31,Vijayawada,2025-02-09,Andhra Pradesh
20999,Customer 999,customer999@example.com,Female,28,Pune,2024-03-19,Maharashtra
21000,Customer 1000,customer1000@example.com,Male,25,Pune,2024-12-28,Maharashtra
20051,Customer 51,customer51@example.com,Female,47,Visakhapatnam,2024-03-07,Andhra Pradesh
